merged_index,left,right,study_question,ground_truth,left_vote,right_vote,model_judgement,model_reason,validation
0,513e5dc3fdc9f0358700aeab,5140d960fdc9f04926003bb4,livelier,right,7,9,right,"The image on the right (Dublin) shows a street with visible traffic, pedestrians, and buildings suggesting activity and a more populated environment. The street on the left (Paris) appears much quieter and emptier, with a large open space and minimal signs of human presence.",1
1,513d699ffdc9f035870047c4,50f448abfdc9f065f0004161,safer,right,0,69,left,"The left image (Boston) shows a relatively empty street with clear visibility and minimal traffic. This suggests lower pedestrian risk and greater safety for anyone crossing or walking along the road. The right image (Sydney) has significantly more vehicles, pedestrians, and obstructions, indicating a higher potential for accidents and increased danger.",0
2,5185d4edfdc9f03fd5001448,50f42c43fdc9f065f000198c,safer,left,41,24,left,"The image on the left (Montreal) shows a residential street with more visible houses and people, suggesting a higher level of community presence and potentially greater surveillance. The street appears cleaner and less cluttered than the one on the right (Warsaw), which has a larger building and fewer immediate neighbors. These factors contribute to an impression of increased safety.",1
3,50f5e56cfdc9f065f00068d7,513d5c71fdc9f03587003704,safer,left,43,3,right,"The image on the right (Barcelona) shows a wider street with more visibility and appears to be in a less densely populated area. There are no immediate signs of congestion or potential hazards. The street on the left (Sao Paulo) is narrower, has limited visibility due to buildings and parked vehicles, and seems to have higher traffic density.",0
4,51422ad6fdc9f049260089a5,513e5d95fdc9f0358700ae31,more depressing,right,0,45,left,"The image on the left (Philadelphia) shows a wider street with fewer buildings and trees, creating a sense of emptiness and isolation. The road appears desolate and lacks any immediate signs of activity or vibrancy. In contrast, the image on the right (Paris) has more buildings, pedestrians, and a busier street scene, suggesting a more lively and populated environment.",0
5,51409ce6fdc9f04926001250,514139f7fdc9f049260055be,wealthier,left,29,16,left,"The street view on the left (Rome) shows a residential area with well-maintained buildings, paved roads, and visible infrastructure – suggesting a higher standard of living and potentially wealthier neighborhoods compared to the street view on the right (Johannesburg), which appears to be a more impoverished urban environment with crumbling infrastructure and less developed surroundings.",1
6,51414cbbfdc9f049260073e1,513f2d0cfdc9f0358700d985,safer,right,0,42,right,"The street view on the right (Berlin) appears to be a residential area with fewer buildings and more open space. There are trees lining the road, suggesting a quieter environment. The street view on the left (Milan) has a larger industrial building and a busier-looking street, which generally indicates higher traffic and potentially greater risk or crime.",1
7,513e6f56fdc9f0358700c565,513cc2aafdc9f035870015bf,livelier,left,39,0,left,"The image on the left (Tokyo) shows a street with buildings and some pedestrian activity, suggesting a more populated and lively environment compared to the right side (Houston), which depicts a largely empty, industrial-looking road with minimal signs of life.",1
8,513e6087fdc9f0358700b3e9,513e2197fdc9f0358700a46a,more depressing,right,0,39,left,"The street view on the left (Paris) has a more desolate and overgrown appearance. The road is narrow, the vegetation is dense and somewhat neglected, and there's a general feeling of abandonment or disrepair compared to the street view on the right (Moscow), which appears slightly cleaner and more structured, even if it's not particularly vibrant.",0
9,513f2e7dfdc9f0358700dc0a,51422896fdc9f0492600878f,safer,left,34,4,left,"The image on the left (Berlin) appears to be a wider street with more open space and fewer buildings directly adjacent to the road. This provides better visibility and reduces the feeling of being hemmed in, which generally correlates with a perception of greater safety. The right side (Philadelphia) has a narrower street with buildings close to the roadway, creating potential blind spots and a less secure environment.",1
10,513f1205fdc9f0358700c8f5,50f5e8aafdc9f065f000748e,livelier,right,8,29,left,"The image on the left (Tokyo) shows a much denser street scene with multiple buildings and what appears to be pedestrian traffic. This indicates a higher level of activity and therefore a more lively environment compared to the right side (San Francisco), which depicts a quieter, residential street.",0
11,5185d3ddfdc9f03fd5001341,513d9c2efdc9f03587007c5a,safer,right,0,37,left,"The street view on the left (Montreal) shows a residential area with trees and houses, suggesting more pedestrian traffic and a sense of community. It appears to be a quieter, less busy environment. The street view on the right (Atlanta) depicts a wide, empty road with a large parking lot and distant buildings, which can feel isolated and potentially unsafe due to lack of immediate visibility and potential for criminal activity.",0
12,513d51c4fdc9f03587002ed6,5141353efdc9f04926004941,more depressing,right,1,33,left,"The Barcelona street scene (left) appears to have a more muted color palette, less vibrant greenery, and a generally overcast or dull atmosphere. The buildings are taller and somewhat imposing, contributing to a feeling of bleakness. In contrast, the Glasgow street scene (right) has brighter colors, a slightly warmer tone, and a busier, more active appearance with people and vehicles, suggesting a more lively and potentially positive environment.",0
13,513d6a3ffdc9f035870049e5,513d5d5dfdc9f035870038a1,more depressing,left,34,0,left,"The image on the left (Denver) depicts a street scene with a somewhat desolate and industrial appearance – empty buildings, a lone truck, and a generally gray color palette. This evokes feelings of isolation and perhaps economic hardship. The image on the right (Belo Horizonte) shows a more natural setting with trees and vegetation, which tends to be associated with positive emotions and a sense of well-being.",1
14,513d37b2fdc9f03587002c11,513e657ffdc9f0358700b991,safer,left,32,0,left,"The street on the left (Chicago) appears to be a more typical urban environment with buildings lining the road and visible traffic. This suggests higher pedestrian activity and a greater presence of law enforcement, which generally correlates with a feeling of safety. The street on the right (Kyoto) is narrower, has fewer buildings, and lacks any obvious signs of public transportation or significant foot traffic, making it appear less frequented and potentially more isolated.",1
15,5140c825fdc9f04926002149,50f46485fdc9f065f00046be,more depressing,left,29,3,left,"The street view on the left (Bratislava) shows a more rundown and neglected appearance – crumbling buildings, overgrown vegetation, and a general lack of upkeep compared to the street view on the right (Sydney). This contributes to a feeling of sadness or despair.",1
16,513cc0e8fdc9f03587001411,51414e2dfdc9f0492600779a,safer,left,30,1,left,"The image on the left (Houston) shows a wider street with more open space and fewer buildings immediately adjacent to the road. This generally indicates better visibility and potentially less congestion, which contributes to a feeling of safety. The street in Mexico City (right) is narrower, has more buildings close to the roadway, and appears more densely populated, suggesting a higher potential for hazards.",1
17,5185d41afdc9f03fd500137c,513d7888fdc9f035870061cb,more depressing,right,8,22,left,"The image on the left (Montreal) depicts a relatively clean and orderly street scene with greenery and a clear road. It has a sense of quietness and order. In contrast, the image on the right (Santiago) shows a more chaotic urban environment with cluttered streets, overhead power lines, and a less maintained appearance, which contributes to a feeling of disrepair and potentially greater social or economic challenges.",0
18,50f43aadfdc9f065f0002ef0,50f42b4ffdc9f065f00012b6,safer,right,0,28,left,"The image on the left (Tel Aviv) shows a street scene with buildings and parked cars in what appears to be a more residential or commercial area. There are fewer pedestrians visible, and the road seems quieter. The image on the right (Warsaw) depicts a wider, busier highway-like road with more traffic and potentially higher speeds, suggesting a less safe environment for pedestrians.",0
19,513d69c5fdc9f03587004849,513e1d68fdc9f035870099c2,more beautiful,right,0,27,left,"The street view on the left (Boston) has a more appealing aesthetic due to its tree-lined street, colorful foliage, and overall sense of orderliness and charm. The Moscow side appears somewhat drab with fewer trees and a less inviting atmosphere.",0
